snapshot_date,exposure_id,stage,ecl_amount
2026-04-30,1,1,18.8
2026-04-30,2,2,342.0
2026-04-30,3,3,1245.0
2026-04-30,4,1,53.1
2026-04-30,5,1,42.8
2026-04-30,6,2,218.25
2026-04-30,7,3,1035.0
2026-04-30,8,1,55.8
