snapshot_date,exposure_id,customer_id,account_id,stage,exposure_amount,pd_rate,lgd_rate,ecl_amount,provision_type,created_at
2026-04-30,1,1,101,1,9400.0,0.01,0.2,18.8,12M_ECL,2026-03-27 13:40:28.117955
2026-04-30,2,2,102,2,15200.0,0.05,0.45,342.0,LIFETIME_ECL,2026-03-27 13:40:28.117955
2026-04-30,3,3,103,3,8300.0,0.2,0.75,1245.0,LIFETIME_ECL,2026-03-27 13:40:28.117955
2026-04-30,4,4,104,1,11800.0,0.01,0.45,53.1,12M_ECL,2026-03-27 13:40:28.117955
2026-04-30,5,5,105,1,21400.0,0.01,0.2,42.8,12M_ECL,2026-03-27 13:40:28.117955
2026-04-30,6,6,106,2,9700.0,0.05,0.45,218.25,LIFETIME_ECL,2026-03-27 13:40:28.117955
2026-04-30,7,7,107,3,6900.0,0.2,0.75,1035.0,LIFETIME_ECL,2026-03-27 13:40:28.117955
2026-04-30,8,8,108,1,12400.0,0.01,0.45,55.8,12M_ECL,2026-03-27 13:40:28.117955
